/*
SQLyog Community v12.3.2 (64 bit)
MySQL - 5.7.16-log : Database - iot_inventory
*********************************************************************
*/

/*!40101 SET NAMES utf8 */;

/*!40101 SET SQL_MODE=''*/;

/*!40014 SET @OLD_UNIQUE_CHECKS=@@UNIQUE_CHECKS, UNIQUE_CHECKS=0 */;
/*!40014 SET @OLD_FOREIGN_KEY_CHECKS=@@FOREIGN_KEY_CHECKS, FOREIGN_KEY_CHECKS=0 */;
/*!40101 SET @OLD_SQL_MODE=@@SQL_MODE, SQL_MODE='NO_AUTO_VALUE_ON_ZERO' */;
/*!40111 SET @OLD_SQL_NOTES=@@SQL_NOTES, SQL_NOTES=0 */;
CREATE DATABASE /*!32312 IF NOT EXISTS*/`iot_inventory` /*!40100 DEFAULT CHARACTER SET utf8 */;

USE `iot_inventory`;

/*Table structure for table `cells` */

DROP TABLE IF EXISTS `cells`;

CREATE TABLE `cells` (
  `id` int(10) unsigned NOT NULL AUTO_INCREMENT,
  `node_address` varchar(255) NOT NULL,
  `cell_address` varchar(255) NOT NULL,
  `part_id` int(10) unsigned NOT NULL,
  `full_weight` float NOT NULL,
  `min_weight` float NOT NULL,
  `alarm_weight` float NOT NULL,
  `createdAt` datetime NOT NULL,
  `updatedAt` datetime NOT NULL,
  `fk_part_id` int(10) unsigned DEFAULT NULL,
  PRIMARY KEY (`id`),
  KEY `fk_part_id` (`fk_part_id`),
  CONSTRAINT `cells_ibfk_1` FOREIGN KEY (`fk_part_id`) REFERENCES `parts` (`id`) ON DELETE SET NULL ON UPDATE CASCADE
) ENGINE=InnoDB AUTO_INCREMENT=21 DEFAULT CHARSET=utf8;

/*Data for the table `cells` */

insert  into `cells`(`id`,`node_address`,`cell_address`,`part_id`,`full_weight`,`min_weight`,`alarm_weight`,`createdAt`,`updatedAt`,`fk_part_id`) values 
(1,'﻿A01','\"	C0001\"',1,15,1,1.5,'0000-00-00 00:00:00','0000-00-00 00:00:00',NULL),
(2,'A01','\"	C0002\"',2,15,1,1.5,'0000-00-00 00:00:00','0000-00-00 00:00:00',NULL),
(3,'A01','\"	C0003\"',3,15,1,1.5,'0000-00-00 00:00:00','0000-00-00 00:00:00',NULL),
(4,'A01','\"	C0004\"',4,15,1,1.5,'0000-00-00 00:00:00','0000-00-00 00:00:00',NULL),
(5,'A01','\"	C0005\"',5,15,1,1.5,'0000-00-00 00:00:00','0000-00-00 00:00:00',NULL),
(6,'A01','\"	C0006\"',6,15,1,1.5,'0000-00-00 00:00:00','0000-00-00 00:00:00',NULL),
(7,'A01','\"	C0007\"',7,15,1,1.5,'0000-00-00 00:00:00','0000-00-00 00:00:00',NULL),
(8,'A01','\"	C0008\"',8,15,1,1.5,'0000-00-00 00:00:00','0000-00-00 00:00:00',NULL),
(9,'A01','\"	C0009\"',9,15,1,1.5,'0000-00-00 00:00:00','0000-00-00 00:00:00',NULL),
(10,'A01','\"	C0010\"',10,15,1,1.5,'0000-00-00 00:00:00','0000-00-00 00:00:00',NULL),
(11,'B01','\"	C0011\"',11,10,0.5,1,'0000-00-00 00:00:00','0000-00-00 00:00:00',NULL),
(12,'B01','\"	C0012\"',12,10,0.5,1,'0000-00-00 00:00:00','0000-00-00 00:00:00',NULL),
(13,'B01','\"	C0013\"',13,10,0.5,1,'0000-00-00 00:00:00','0000-00-00 00:00:00',NULL),
(14,'B01','\"	C0014\"',14,10,0.5,1,'0000-00-00 00:00:00','0000-00-00 00:00:00',NULL),
(15,'B01','\"	C0015\"',15,10,0.5,1,'0000-00-00 00:00:00','0000-00-00 00:00:00',NULL),
(16,'B01','\"	C0016\"',16,10,0.5,1,'0000-00-00 00:00:00','0000-00-00 00:00:00',NULL),
(17,'B01','\"	C0017\"',17,10,0.5,1,'0000-00-00 00:00:00','0000-00-00 00:00:00',NULL),
(18,'B01','\"	C0018\"',18,10,0.5,1,'0000-00-00 00:00:00','0000-00-00 00:00:00',NULL),
(19,'B01','\"	C0019\"',19,10,0.5,1,'0000-00-00 00:00:00','0000-00-00 00:00:00',NULL),
(20,'B01','\"	C0020\"',20,10,0.5,1,'0000-00-00 00:00:00','0000-00-00 00:00:00',NULL);

/*Table structure for table `inventory_monitors` */

DROP TABLE IF EXISTS `inventory_monitors`;

CREATE TABLE `inventory_monitors` (
  `id` int(10) unsigned NOT NULL AUTO_INCREMENT,
  `cell_id` int(10) unsigned NOT NULL,
  `quantity` float DEFAULT NULL,
  `weight` float NOT NULL,
  `createdAt` datetime NOT NULL,
  `updatedAt` datetime NOT NULL,
  `fk_cell_id` int(10) unsigned DEFAULT NULL,
  PRIMARY KEY (`id`),
  KEY `fk_cell_id` (`fk_cell_id`),
  CONSTRAINT `inventory_monitors_ibfk_1` FOREIGN KEY (`fk_cell_id`) REFERENCES `cells` (`id`) ON DELETE SET NULL ON UPDATE CASCADE
) ENGINE=InnoDB AUTO_INCREMENT=141 DEFAULT CHARSET=utf8;

/*Data for the table `inventory_monitors` */

insert  into `inventory_monitors`(`id`,`cell_id`,`quantity`,`weight`,`createdAt`,`updatedAt`,`fk_cell_id`) values 
(1,0,0,9,'2016-11-22 08:50:00','2016-11-22 08:50:00',NULL),
(2,2,0,9,'2016-11-22 08:50:00','2016-11-22 08:50:00',NULL),
(3,3,0,9,'2016-11-22 08:50:00','2016-11-22 08:50:00',NULL),
(4,4,0,9,'2016-11-22 08:50:00','2016-11-22 08:50:00',NULL),
(5,5,0,9,'2016-11-22 08:50:00','2016-11-22 08:50:00',NULL),
(6,6,0,9,'2016-11-22 08:50:00','2016-11-22 08:50:00',NULL),
(7,7,0,9,'2016-11-22 08:50:00','2016-11-22 08:50:00',NULL),
(8,8,0,9,'2016-11-22 08:50:00','2016-11-22 08:50:00',NULL),
(9,9,0,9,'2016-11-22 08:50:00','2016-11-22 08:50:00',NULL),
(10,10,0,9,'2016-11-22 08:50:00','2016-11-22 08:50:00',NULL),
(11,11,0,4,'2016-11-22 08:50:00','2016-11-22 08:50:00',NULL),
(12,12,0,4,'2016-11-22 08:50:00','2016-11-22 08:50:00',NULL),
(13,13,0,4,'2016-11-22 08:50:00','2016-11-22 08:50:00',NULL),
(14,14,0,4,'2016-11-22 08:50:00','2016-11-22 08:50:00',NULL),
(15,15,0,4,'2016-11-22 08:50:00','2016-11-22 08:50:00',NULL),
(16,16,0,4,'2016-11-22 08:50:00','2016-11-22 08:50:00',NULL),
(17,17,0,4,'2016-11-22 08:50:00','2016-11-22 08:50:00',NULL),
(18,18,0,4,'2016-11-22 08:50:00','2016-11-22 08:50:00',NULL),
(19,19,0,4,'2016-11-22 08:50:00','2016-11-22 08:50:00',NULL),
(20,20,0,4,'2016-11-22 08:50:00','2016-11-22 08:50:00',NULL),
(21,1,0,8,'2016-11-22 08:57:00','2016-11-22 08:57:00',NULL),
(22,2,0,8,'2016-11-22 08:57:00','2016-11-22 08:57:00',NULL),
(23,3,0,8,'2016-11-22 08:57:00','2016-11-22 08:57:00',NULL),
(24,4,0,8,'2016-11-22 08:57:00','2016-11-22 08:57:00',NULL),
(25,5,0,8,'2016-11-22 08:57:00','2016-11-22 08:57:00',NULL),
(26,6,0,8,'2016-11-22 08:57:00','2016-11-22 08:57:00',NULL),
(27,7,0,8,'2016-11-22 08:57:00','2016-11-22 08:57:00',NULL),
(28,8,0,8,'2016-11-22 08:57:00','2016-11-22 08:57:00',NULL),
(29,9,0,8,'2016-11-22 08:57:00','2016-11-22 08:57:00',NULL),
(30,10,0,8,'2016-11-22 08:57:00','2016-11-22 08:57:00',NULL),
(31,11,0,3,'2016-11-22 08:57:00','2016-11-22 08:57:00',NULL),
(32,12,0,3,'2016-11-22 08:57:00','2016-11-22 08:57:00',NULL),
(33,13,0,3,'2016-11-22 08:57:00','2016-11-22 08:57:00',NULL),
(34,14,0,3,'2016-11-22 08:57:00','2016-11-22 08:57:00',NULL),
(35,15,0,3,'2016-11-22 08:57:00','2016-11-22 08:57:00',NULL),
(36,16,0,3,'2016-11-22 08:57:00','2016-11-22 08:57:00',NULL),
(37,17,0,3,'2016-11-22 08:57:00','2016-11-22 08:57:00',NULL),
(38,18,0,3,'2016-11-22 08:57:00','2016-11-22 08:57:00',NULL),
(39,19,0,3,'2016-11-22 08:57:00','2016-11-22 08:57:00',NULL),
(40,20,0,3,'2016-11-22 08:57:00','2016-11-22 08:57:00',NULL),
(41,1,0,7,'2016-11-22 09:01:00','2016-11-22 09:01:00',NULL),
(42,2,0,7,'2016-11-22 09:01:00','2016-11-22 09:01:00',NULL),
(43,3,0,7,'2016-11-22 09:01:00','2016-11-22 09:01:00',NULL),
(44,4,0,7,'2016-11-22 09:01:00','2016-11-22 09:01:00',NULL),
(45,5,0,7,'2016-11-22 09:01:00','2016-11-22 09:01:00',NULL),
(46,6,0,7,'2016-11-22 09:01:00','2016-11-22 09:01:00',NULL),
(47,7,0,7,'2016-11-22 09:01:00','2016-11-22 09:01:00',NULL),
(48,8,0,7,'2016-11-22 09:01:00','2016-11-22 09:01:00',NULL),
(49,9,0,7,'2016-11-22 09:01:00','2016-11-22 09:01:00',NULL),
(50,10,0,7,'2016-11-22 09:01:00','2016-11-22 09:01:00',NULL),
(51,11,0,2.5,'2016-11-22 09:01:00','2016-11-22 09:01:00',NULL),
(52,12,0,2.5,'2016-11-22 09:01:00','2016-11-22 09:01:00',NULL),
(53,13,0,2.5,'2016-11-22 09:01:00','2016-11-22 09:01:00',NULL),
(54,14,0,2.5,'2016-11-22 09:01:00','2016-11-22 09:01:00',NULL),
(55,15,0,2.5,'2016-11-22 09:01:00','2016-11-22 09:01:00',NULL),
(56,16,0,2.5,'2016-11-22 09:01:00','2016-11-22 09:01:00',NULL),
(57,17,0,2.5,'2016-11-22 09:01:00','2016-11-22 09:01:00',NULL),
(58,18,0,2.5,'2016-11-22 09:01:00','2016-11-22 09:01:00',NULL),
(59,19,0,2.5,'2016-11-22 09:01:00','2016-11-22 09:01:00',NULL),
(60,20,0,2.5,'2016-11-22 09:01:00','2016-11-22 09:01:00',NULL),
(61,1,0,6,'2016-11-22 09:05:00','2016-11-22 09:05:00',NULL),
(62,2,0,6,'2016-11-22 09:05:00','2016-11-22 09:05:00',NULL),
(63,3,0,6,'2016-11-22 09:05:00','2016-11-22 09:05:00',NULL),
(64,4,0,6,'2016-11-22 09:05:00','2016-11-22 09:05:00',NULL),
(65,5,0,6,'2016-11-22 09:05:00','2016-11-22 09:05:00',NULL),
(66,6,0,6,'2016-11-22 09:05:00','2016-11-22 09:05:00',NULL),
(67,7,0,6,'2016-11-22 09:05:00','2016-11-22 09:05:00',NULL),
(68,8,0,6,'2016-11-22 09:05:00','2016-11-22 09:05:00',NULL),
(69,9,0,6,'2016-11-22 09:05:00','2016-11-22 09:05:00',NULL),
(70,10,0,6,'2016-11-22 09:05:00','2016-11-22 09:05:00',NULL),
(71,11,0,2,'2016-11-22 09:05:00','2016-11-22 09:05:00',NULL),
(72,12,0,2,'2016-11-22 09:05:00','2016-11-22 09:05:00',NULL),
(73,13,0,2,'2016-11-22 09:05:00','2016-11-22 09:05:00',NULL),
(74,14,0,2,'2016-11-22 09:05:00','2016-11-22 09:05:00',NULL),
(75,15,0,2,'2016-11-22 09:05:00','2016-11-22 09:05:00',NULL),
(76,16,0,2,'2016-11-22 09:05:00','2016-11-22 09:05:00',NULL),
(77,17,0,2,'2016-11-22 09:05:00','2016-11-22 09:05:00',NULL),
(78,18,0,2,'2016-11-22 09:05:00','2016-11-22 09:05:00',NULL),
(79,19,0,2,'2016-11-22 09:05:00','2016-11-22 09:05:00',NULL),
(80,20,0,2,'2016-11-22 09:05:00','2016-11-22 09:05:00',NULL),
(81,1,0,5,'2016-11-22 09:10:00','2016-11-22 09:10:00',NULL),
(82,2,0,5,'2016-11-22 09:10:00','2016-11-22 09:10:00',NULL),
(83,3,0,5,'2016-11-22 09:10:00','2016-11-22 09:10:00',NULL),
(84,4,0,5,'2016-11-22 09:10:00','2016-11-22 09:10:00',NULL),
(85,5,0,5,'2016-11-22 09:10:00','2016-11-22 09:10:00',NULL),
(86,6,0,5,'2016-11-22 09:10:00','2016-11-22 09:10:00',NULL),
(87,7,0,5,'2016-11-22 09:10:00','2016-11-22 09:10:00',NULL),
(88,8,0,5,'2016-11-22 09:10:00','2016-11-22 09:10:00',NULL),
(89,9,0,5,'2016-11-22 09:10:00','2016-11-22 09:10:00',NULL),
(90,10,0,5,'2016-11-22 09:10:00','2016-11-22 09:10:00',NULL),
(91,11,0,1.5,'2016-11-22 09:10:00','2016-11-22 09:10:00',NULL),
(92,12,0,1.5,'2016-11-22 09:10:00','2016-11-22 09:10:00',NULL),
(93,13,0,1.5,'2016-11-22 09:10:00','2016-11-22 09:10:00',NULL),
(94,14,0,1.5,'2016-11-22 09:10:00','2016-11-22 09:10:00',NULL),
(95,15,0,1.5,'2016-11-22 09:10:00','2016-11-22 09:10:00',NULL),
(96,16,0,1.5,'2016-11-22 09:10:00','2016-11-22 09:10:00',NULL),
(97,17,0,1.5,'2016-11-22 09:10:00','2016-11-22 09:10:00',NULL),
(98,18,0,1.5,'2016-11-22 09:10:00','2016-11-22 09:10:00',NULL),
(99,19,0,1.5,'2016-11-22 09:10:00','2016-11-22 09:10:00',NULL),
(100,20,0,1.5,'2016-11-22 09:10:00','2016-11-22 09:10:00',NULL),
(101,1,0,5,'2016-11-22 09:15:00','2016-11-22 09:15:00',NULL),
(102,2,0,5,'2016-11-22 09:15:00','2016-11-22 09:15:00',NULL),
(103,3,0,5,'2016-11-22 09:15:00','2016-11-22 09:15:00',NULL),
(104,4,0,5,'2016-11-22 09:15:00','2016-11-22 09:15:00',NULL),
(105,5,0,5,'2016-11-22 09:15:00','2016-11-22 09:15:00',NULL),
(106,6,0,5,'2016-11-22 09:15:00','2016-11-22 09:15:00',NULL),
(107,7,0,5,'2016-11-22 09:15:00','2016-11-22 09:15:00',NULL),
(108,8,0,5,'2016-11-22 09:15:00','2016-11-22 09:15:00',NULL),
(109,9,0,5,'2016-11-22 09:15:00','2016-11-22 09:15:00',NULL),
(110,10,0,5,'2016-11-22 09:15:00','2016-11-22 09:15:00',NULL),
(111,11,0,1.5,'2016-11-22 09:15:00','2016-11-22 09:15:00',NULL),
(112,12,0,1.5,'2016-11-22 09:15:00','2016-11-22 09:15:00',NULL),
(113,13,0,1.5,'2016-11-22 09:15:00','2016-11-22 09:15:00',NULL),
(114,14,0,1.5,'2016-11-22 09:15:00','2016-11-22 09:15:00',NULL),
(115,15,0,1.5,'2016-11-22 09:15:00','2016-11-22 09:15:00',NULL),
(116,16,0,1.5,'2016-11-22 09:15:00','2016-11-22 09:15:00',NULL),
(117,17,0,1.5,'2016-11-22 09:15:00','2016-11-22 09:15:00',NULL),
(118,18,0,1.5,'2016-11-22 09:15:00','2016-11-22 09:15:00',NULL),
(119,19,0,1.5,'2016-11-22 09:15:00','2016-11-22 09:15:00',NULL),
(120,20,0,1.5,'2016-11-22 09:15:00','2016-11-22 09:15:00',NULL),
(121,1,0,2,'2016-11-22 09:20:00','2016-11-22 09:20:00',NULL),
(122,2,0,1.5,'2016-11-22 09:20:00','2016-11-22 09:20:00',NULL),
(123,3,0,2,'2016-11-22 09:20:00','2016-11-22 09:20:00',NULL),
(124,4,0,1.3,'2016-11-22 09:20:00','2016-11-22 09:20:00',NULL),
(125,5,0,2,'2016-11-22 09:20:00','2016-11-22 09:20:00',NULL),
(126,6,0,1,'2016-11-22 09:20:00','2016-11-22 09:20:00',NULL),
(127,7,0,2,'2016-11-22 09:20:00','2016-11-22 09:20:00',NULL),
(128,8,0,2,'2016-11-22 09:20:00','2016-11-22 09:20:00',NULL),
(129,9,0,2,'2016-11-22 09:20:00','2016-11-22 09:20:00',NULL),
(130,10,0,2,'2016-11-22 09:20:00','2016-11-22 09:20:00',NULL),
(131,11,0,1.2,'2016-11-22 09:20:00','2016-11-22 09:20:00',NULL),
(132,12,0,1.2,'2016-11-22 09:20:00','2016-11-22 09:20:00',NULL),
(133,13,0,0.8,'2016-11-22 09:20:00','2016-11-22 09:20:00',NULL),
(134,14,0,1.2,'2016-11-22 09:20:00','2016-11-22 09:20:00',NULL),
(135,15,0,1.2,'2016-11-22 09:20:00','2016-11-22 09:20:00',NULL),
(136,16,0,0.5,'2016-11-22 09:20:00','2016-11-22 09:20:00',NULL),
(137,17,0,1.2,'2016-11-22 09:20:00','2016-11-22 09:20:00',NULL),
(138,18,0,1.2,'2016-11-22 09:20:00','2016-11-22 09:20:00',NULL),
(139,19,0,0.3,'2016-11-22 09:20:00','2016-11-22 09:20:00',NULL),
(140,20,0,1.2,'2016-11-22 09:20:00','2016-11-22 09:20:00',NULL);

/*Table structure for table `parts` */

DROP TABLE IF EXISTS `parts`;

CREATE TABLE `parts` (
  `id` int(10) unsigned NOT NULL AUTO_INCREMENT,
  `part_number` varchar(255) NOT NULL,
  `part_name` varchar(255) NOT NULL,
  `mfc_part_number` varchar(255) NOT NULL,
  `unit` varchar(255) NOT NULL,
  `unit_price` float NOT NULL,
  `unit_weight` float NOT NULL,
  `vendor_id` int(10) unsigned NOT NULL,
  `vendor_part_number` varchar(255) NOT NULL,
  `purchaser_id` int(10) unsigned NOT NULL,
  `createdAt` datetime NOT NULL,
  `updatedAt` datetime NOT NULL,
  `fk_vendor_id` int(10) unsigned DEFAULT NULL,
  `fk_purchaser_id` int(10) unsigned DEFAULT NULL,
  PRIMARY KEY (`id`),
  KEY `fk_vendor_id` (`fk_vendor_id`),
  KEY `fk_purchaser_id` (`fk_purchaser_id`),
  CONSTRAINT `parts_ibfk_1` FOREIGN KEY (`fk_vendor_id`) REFERENCES `vendors` (`id`) ON DELETE SET NULL ON UPDATE CASCADE,
  CONSTRAINT `parts_ibfk_2` FOREIGN KEY (`fk_purchaser_id`) REFERENCES `users` (`id`) ON DELETE SET NULL ON UPDATE CASCADE
) ENGINE=InnoDB AUTO_INCREMENT=21 DEFAULT CHARSET=utf8;

/*Data for the table `parts` */

insert  into `parts`(`id`,`part_number`,`part_name`,`mfc_part_number`,`unit`,`unit_price`,`unit_weight`,`vendor_id`,`vendor_part_number`,`purchaser_id`,`createdAt`,`updatedAt`,`fk_vendor_id`,`fk_purchaser_id`) values 
(1,'PM00001	BOLT - HEX-FULL-M5	BHF-DIN933-M5	Each	0.3	0.025	1	ABC0001	4\r','','','',0,0,0,'',0,'0000-00-00 00:00:00','0000-00-00 00:00:00',NULL,NULL),
(2,'PM00002	BOLT - HEX-FULL-M10	BHF-DIN933-M10	Each	0.5	0.045	1	ABC0002	4\r','','','',0,0,0,'',0,'0000-00-00 00:00:00','0000-00-00 00:00:00',NULL,NULL),
(3,'PM00003	BOLT - HEX-HALF-M3	BHH-DIN931-M3	Each	0.2	0.015	1	ABC0101	4\r','','','',0,0,0,'',0,'0000-00-00 00:00:00','0000-00-00 00:00:00',NULL,NULL),
(4,'PM00004	BOLT - HEX-HALF-M5	BHH-DIN931-M5	Each	0.28	0.025	1	ABC0102	4\r','','','',0,0,0,'',0,'0000-00-00 00:00:00','0000-00-00 00:00:00',NULL,NULL),
(5,'PM00005	BOLT - HEX-HALF-M10	BHH-DIN931-M10	Each	0.45	0.045	1	ABC0103	4\r','','','',0,0,0,'',0,'0000-00-00 00:00:00','0000-00-00 00:00:00',NULL,NULL),
(6,'PM00006	BOLT - HEX-HALF-M15	BHH-DIN931-M15	Each	0.7	0.075	1	ABC0104	4\r','','','',0,0,0,'',0,'0000-00-00 00:00:00','0000-00-00 00:00:00',NULL,NULL),
(7,'PM00007	NUT-HEX-M3	NH-D934-M3	Each	0.15	0.1	1	ABC0201	4\r','','','',0,0,0,'',0,'0000-00-00 00:00:00','0000-00-00 00:00:00',NULL,NULL),
(8,'PM00008	NUT-HEX-M5	NH-D934-M5	Each	0.2	0.15	1	ABC0202	4\r','','','',0,0,0,'',0,'0000-00-00 00:00:00','0000-00-00 00:00:00',NULL,NULL),
(9,'PM00009	NUT-HEX-M10	NH-D934-M10	Each	0.35	0.25	1	ABC0203	4\r','','','',0,0,0,'',0,'0000-00-00 00:00:00','0000-00-00 00:00:00',NULL,NULL),
(10,'PM00010	NUT-HEX-M15	NH-D934-M15	Each	0.5	0.4	1	ABC0204	4\r','','','',0,0,0,'',0,'0000-00-00 00:00:00','0000-00-00 00:00:00',NULL,NULL),
(11,'PE00001	BAT-LT-COIN-3V-2025	CR-2025L/BN	Each	0.49	0.01	5	GE000001	5\r','','','',0,0,0,'',0,'0000-00-00 00:00:00','0000-00-00 00:00:00',NULL,NULL),
(12,'PE00002	BAT-LT-COIN-3V-2016	CR-2016/BN	Each	0.49	0.01	5	GE000002	5\r','','','',0,0,0,'',0,'0000-00-00 00:00:00','0000-00-00 00:00:00',NULL,NULL),
(13,'PE00003	BAT-LT-COIN-3V-2032	CR2032VP	Each	0.5	0.01	5	GE000003	5\r','','','',0,0,0,'',0,'0000-00-00 00:00:00','0000-00-00 00:00:00',NULL,NULL),
(14,'PE00004	BAT-AAA-1.5V	LR6XWA/B	Each	0.53	0.35	5	GE000004	5\r','','','',0,0,0,'',0,'0000-00-00 00:00:00','0000-00-00 00:00:00',NULL,NULL),
(15,'PE00005	LAMP-T3.25-6.3V	47	Each	1.58	0.005	4	JE000001	5\r','','','',0,0,0,'',0,'0000-00-00 00:00:00','0000-00-00 00:00:00',NULL,NULL),
(16,'PE00006	LAMP-GTL-3-2.25V	222	Each	1.64	0.005	4	JE000002	5\r','','','',0,0,0,'',0,'0000-00-00 00:00:00','0000-00-00 00:00:00',NULL,NULL),
(17,'PE00007	LAM-T1.75-GRV-14V	386	Each	2.4	0.005	4	JE000003	5\r','','','',0,0,0,'',0,'0000-00-00 00:00:00','0000-00-00 00:00:00',NULL,NULL),
(18,'PE00008	Wire-2-22AWG	1172CSL005	feet	0.72	0.01	3	FE000001	5\r','','','',0,0,0,'',0,'0000-00-00 00:00:00','0000-00-00 00:00:00',NULL,NULL),
(19,'PE00009	Wire-3-22AWG	1173CSL005	feet	0.94	0.014	3	FE000002	5\r','','','',0,0,0,'',0,'0000-00-00 00:00:00','0000-00-00 00:00:00',NULL,NULL),
(20,'PE00010	Wire-8-22AWG	1178CSL005	feet	1.79	0.3	3	FE000002	5\r','','','',0,0,0,'',0,'0000-00-00 00:00:00','0000-00-00 00:00:00',NULL,NULL);

/*Table structure for table `users` */

DROP TABLE IF EXISTS `users`;

CREATE TABLE `users` (
  `id` int(10) unsigned NOT NULL AUTO_INCREMENT,
  `employee_id` varchar(255) NOT NULL,
  `first_name` varchar(255) NOT NULL,
  `last_name` varchar(255) NOT NULL,
  `email` varchar(255) NOT NULL,
  `password` varchar(255) NOT NULL,
  `phone` varchar(255) DEFAULT NULL,
  `access_group` enum('User','Purchaser','Admin') NOT NULL DEFAULT 'User',
  `createdAt` datetime NOT NULL,
  `updatedAt` datetime NOT NULL,
  PRIMARY KEY (`id`)
) ENGINE=InnoDB AUTO_INCREMENT=8 DEFAULT CHARSET=utf8;

/*Data for the table `users` */

insert  into `users`(`id`,`employee_id`,`first_name`,`last_name`,`email`,`password`,`phone`,`access_group`,`createdAt`,`updatedAt`) values 
(1,'1001','George','Lee','george@abc.com','$2a$08$JkCuM2.qiVTlcKN2MUwEsuH07GaeAWNFaTPZioc961zboWIT9O6b6','68348701','Admin','0000-00-00 00:00:00','2016-11-25 17:37:09'),
(2,'1002','John','Kerr','john@abc.com','$2a$08$Xem1Y5wJejBZV.ILG7UJR.AkuVMQJx9uVpOxLu7h/HeEnoMvYQ3gm','68348702','Admin','0000-00-00 00:00:00','2016-11-25 17:37:54'),
(3,'1003','Mary','Quek','mary@abc.com','$2a$08$OQu3/tjBJckr0lze3LbT9exLuEcZi.YQvsR0Y/q4hUCCKkTV3YZWy','68348703','User','0000-00-00 00:00:00','2016-11-25 17:39:17'),
(4,'1004','Cherry','Ng','cherry@abc.com','$2a$08$Jhi71tO1lEfE1C9tMUhd9u5s5AoNWlg8brZEwDgDqK6ibfNeMMglW','68348704','Purchaser','0000-00-00 00:00:00','2016-11-25 17:41:13'),
(5,'1005','Rachal','Grumant','rachal@abc.com','$2a$08$9HPcFfjOcuUUGLlO6ksCFOwHsGzY66c.s.H/OLqpJSDiPH9ZrlAz2','68348705','Purchaser','0000-00-00 00:00:00','2016-11-25 17:45:32'),
(6,'1006','Jack','Wang','jack@abc.com','$2a$08$ziv4CY8lABBt0wuGmWsg7ea542/Ci8qV7zEvy8iiPmclmqmdZvzlK','99008866','User','2016-11-25 09:31:59','2016-11-25 17:43:38'),
(7,'1007','Mike','Lee','mike@abc.com','$2a$08$5oPSz6LCPeyFyQKTiWPvq.us.7xUWFQhZpb2KImyLKpZe6wYaK.N.','98765432','Purchaser','2016-11-25 17:26:08','2016-11-25 17:26:08');

/*Table structure for table `vendors` */

DROP TABLE IF EXISTS `vendors`;

CREATE TABLE `vendors` (
  `id` int(10) unsigned NOT NULL AUTO_INCREMENT,
  `vendor_name` varchar(255) NOT NULL,
  `vendor_phone` varchar(255) DEFAULT NULL,
  `vendor_email` varchar(255) NOT NULL,
  `createdAt` datetime NOT NULL,
  `updatedAt` datetime NOT NULL,
  PRIMARY KEY (`id`)
) ENGINE=InnoDB AUTO_INCREMENT=6 DEFAULT CHARSET=utf8;

/*Data for the table `vendors` */

insert  into `vendors`(`id`,`vendor_name`,`vendor_phone`,`vendor_email`,`createdAt`,`updatedAt`) values 
(1,'ABC Components Pte Ltd','67889088',' sales@abc.com\r','0000-00-00 00:00:00','0000-00-00 00:00:00'),
(2,'Cool Store Pte Ltd','68779077','sales@cool.com\r','0000-00-00 00:00:00','0000-00-00 00:00:00'),
(3,'First Parts Inc','68667788',' buy@firstparts.com\r','0000-00-00 00:00:00','0000-00-00 00:00:00'),
(4,'Just Technology Pte Ltd','69698866','sales_dep@just.com\r','0000-00-00 00:00:00','0000-00-00 00:00:00'),
(5,'Gold Mountain Pte Ltd','68667689','sales.rep01@goldmountain.com\r','0000-00-00 00:00:00','0000-00-00 00:00:00');

/*!40101 SET SQL_MODE=@OLD_SQL_MODE */;
/*!40014 SET FOREIGN_KEY_CHECKS=@OLD_FOREIGN_KEY_CHECKS */;
/*!40014 SET UNIQUE_CHECKS=@OLD_UNIQUE_CHECKS */;
/*!40111 SET SQL_NOTES=@OLD_SQL_NOTES */;
